<?xml version="1.0" encoding="UTF-8"?>
<project-private xmlns="http://www.netbeans.org/ns/project-private/1">
    <data xmlns="http://www.netbeans.org/ns/make-project-private/1">
        <activeConfTypeElem>1</activeConfTypeElem>
        <activeConfIndexElem>0</activeConfIndexElem>
    </data>
    <editor-bookmarks xmlns="http://www.netbeans.org/ns/editor-bookmarks/2" lastBookmarkId="0"/>
    <open-files xmlns="http://www.netbeans.org/ns/projectui-open-files/2">
        <group>
            <file>file:/C:/Users/Owner/Desktop/Random%20Code/CSC17A_Project2/Player.cpp</file>
            <file>file:/C:/Users/Owner/Desktop/Random%20Code/CSC17A_Project2/main.cpp</file>
            <file>file:/C:/Users/Owner/Desktop/Random%20Code/CSC17A_Project2/Card.cpp</file>
            <file>file:/C:/Users/Owner/Desktop/Random%20Code/CSC17A_Project2/Deck.h</file>
            <file>file:/C:/Users/Owner/Desktop/Random%20Code/CSC17A_Project2/Deck.cpp</file>
            <file>file:/C:/Users/Owner/Desktop/Random%20Code/CSC17A_Project2/Card.h</file>
            <file>file:/C:/Users/Owner/Desktop/Random%20Code/CSC17A_Project2/Player.h</file>
            <file>file:/C:/Users/Owner/Desktop/Random%20Code/CSC17A_Project2/GameState.cpp</file>
            <file>file:/C:/Users/Owner/Desktop/Random%20Code/CSC17A_Project2/Person.h</file>
            <file>file:/C:/Users/Owner/Desktop/Random%20Code/CSC17A_Project2/GameState.h</file>
            <file>file:/C:/Users/Owner/Desktop/Random%20Code/CSC17A_Project2/Person.cpp</file>
        </group>
    </open-files>
</project-private>
